Region,20200812_20200819,20200805_20200812,20200909_20200916,20201014_20201021,20190901_20190920,20200819_20200826,20200826_20200902,20200923_20200930,20200722_20200729,20200715_20200722,20200916_20200923,20200930_20201007,20200902_20200909,20201007_20201014,20180815_20181015
Abura / Asebu / Kwamankese,0.01,0.01,0.0,0.01,0.16,0.0,0.0,0.01,0.04,0.01,0.0,0.0,0.0,0.02,0.0
Accra Metropolis,0.03,0.07,0.0,0.16,0.51,0.0,0.0,0.0,0.01,0.1,0.0,0.03,0.04,0.13,0.0
Ada East,3.71,4.16,3.11,14.9,15.27,0.08,0.08,0.01,0.06,0.95,0.0,0.0,4.12,0.01,0.0
Ada West,1.87,1.96,0.0,14.7,6.87,0.02,0.01,0.0,0.0,0.43,0.0,0.0,2.12,0.0,0.0
Adaklu,0.07,0.12,0.0,0.11,0.32,0.07,0.01,0.0,0.0,0.0,0.0,0.0,0.03,0.0,0.0
Adansi North,0.0,0.01,0.0,0.29,0.42,0.05,0.0,0.0,0.01,0.0,0.0,0.0,0.0,0.02,0.0
Adansi South,0.02,0.15,0.0,1.48,1.35,0.71,0.0,0.08,0.06,0.0,0.0,0.0,0.47,0.23,0.0
Adenta,0.01,0.0,0.0,0.01,0.28,0.01,0.0,0.0,0.0,0.0,0.0,0.0,0.0,0.0,0.0
Afadzato South,1.65,1.28,0.0,5.06,4.61,0.01,0.04,1.49,0.02,0.01,0.56,1.86,0.04,2.23,0.0
Afigya Kwabre,0.0,0.0,0.0,0.06,0.0,0.01,0.0,0.04,0.0,0.0,0.0,0.0,0.0,0.0,0.0
Agona East,0.06,0.0,0.0,0.07,0.15,0.0,0.0,0.0,0.03,0.0,0.0,0.0,0.0,0.01,0.0
Agona West,0.0,0.0,0.01,0.0,0.28,0.06,0.0,0.0,0.02,0.0,0.0,0.0,0.0,0.1,0.0
Agotime Ziope,0.09,0.12,0.0,0.14,0.27,0.15,0.01,0.0,0.01,0.0,0.0,0.0,0.03,0.0,0.0
Ahafo Ano North,0.0,0.0,0.0,0.0,0.03,0.01,0.0,0.0,0.0,0.0,0.0,0.0,0.0,0.0,0.0
Ahafo Ano South,0.0,0.02,0.0,0.07,0.13,0.11,0.0,0.05,0.0,0.0,0.0,0.01,0.0,0.05,0.0
Ahanta West,3.28,0.31,0.0,0.25,2.63,0.26,0.0,0.29,0.17,0.76,0.16,1.41,0.72,0.03,0.0
Akatsi North,0.11,0.04,0.0,0.28,0.36,0.06,0.16,0.0,0.0,0.0,0.0,0.0,0.01,0.0,0.0
Akatsi South,0.11,0.29,0.0,0.15,2.63,0.7,1.31,0.0,0.01,0.0,0.0,0.54,0.01,0.0,0.0
Akwapem North,0.04,0.0,0.0,0.01,0.16,0.0,0.0,0.0,0.0,0.0,0.0,0.0,0.0,0.0,0.0
Akwapem South,0.01,0.0,0.0,0.02,0.13,0.01,0.0,0.0,0.0,0.0,0.0,0.0,0.0,0.0,0.0
Akyem Mansa,0.0,0.1,0.0,0.08,0.66,0.01,0.0,0.0,0.05,0.0,0.0,0.0,0.0,0.03,0.0
Amansie Central,0.0,0.42,0.0,1.59,2.1,0.98,0.03,0.5,0.01,0.0,0.01,0.0,0.01,1.11,0.0
Amansie West,0.0,2.21,0.0,11.57,10.78,2.8,0.15,1.83,0.05,0.0,0.05,0.11,0.0,0.8,0.0
Aowin,0.01,0.1,0.0,3.84,4.66,0.97,0.48,0.82,0.34,0.42,0.5,0.33,1.68,1.44,0.0
Asante Akim Central Municipal,0.0,0.18,0.0,0.11,1.44,0.09,0.0,0.0,0.01,0.0,0.0,0.0,0.0,0.04,0.0
Asante Akim North,0.54,0.48,1.33,26.93,22.23,0.02,0.31,16.61,0.04,0.01,4.4,15.13,2.16,16.92,0.0
Asante Akim South,0.0,0.02,0.0,0.28,1.22,0.01,0.0,0.0,0.01,0.0,0.0,0.0,0.0,0.01,0.0
Ashaiman,0.0,0.0,0.0,0.0,0.03,0.0,0.0,0.0,0.0,0.0,0.0,0.0,0.0,0.0,0.0
Asikuma / Odoben / Brakwa,0.0,0.0,0.0,0.01,0.0,0.03,0.0,0.0,0.02,0.0,0.0,0.0,0.0,0.01,0.0
Asokore Mampong Municipal,0.0,0.0,0.0,0.0,0.0,0.0,0.0,0.0,0.0,0.0,0.0,0.0,0.0,0.0,0.0
Assin North,0.0,0.25,0.0,1.46,2.34,1.62,0.0,0.57,0.06,0.0,0.0,0.0,0.3,1.05,0.0
Assin South,0.0,0.01,0.0,0.01,0.03,0.01,0.0,0.03,0.09,0.0,0.0,0.0,0.0,0.06,0.0
Asunafo North,0.04,0.0,0.0,0.14,0.01,0.0,0.01,0.0,0.0,0.0,0.09,0.0,0.0,0.05,0.0
Asunafo South,0.04,0.0,0.0,0.02,0.01,0.02,0.01,0.0,0.0,0.0,0.0,0.03,0.0,0.02,0.0
Asuogyaman,3.74,1.84,0.04,7.84,8.5,0.01,0.05,1.27,0.04,1.93,0.39,1.54,0.74,1.99,0.0
Asutifi North,0.0,0.21,0.0,0.61,0.85,0.0,0.0,0.42,0.02,0.09,0.01,0.03,0.0,0.05,0.0
Asutifi South,0.02,0.0,0.0,0.01,0.07,0.01,0.0,0.01,0.01,0.0,0.02,0.01,0.0,0.03,0.0
Atebubu Amantin,0.26,0.09,0.0,0.04,4.46,0.19,0.08,0.06,0.01,0.0,0.01,0.0,0.07,0.02,0.02
Atiwa,0.06,0.31,0.0,0.0,1.71,0.63,0.0,0.02,0.14,0.0,0.02,0.01,0.25,0.0,0.0
Atwima Kwanwoma,0.0,0.02,0.0,0.15,0.25,0.02,0.0,0.0,0.0,0.0,0.02,0.0,0.0,0.06,0.0
Atwima Mponua,0.0,0.15,0.0,2.99,7.41,0.25,0.06,0.21,0.0,0.0,0.0,0.02,0.09,0.54,0.0
Atwima Nwabiagya,0.0,0.0,0.0,0.58,0.41,0.04,0.09,0.08,0.0,0.0,0.02,0.0,0.0,1.93,0.0
Awutu Senya East Municipal,0.02,0.0,0.0,0.0,0.68,0.0,0.0,0.0,0.02,0.01,0.0,0.02,0.0,0.04,0.0
Ayensuano,0.0,0.0,0.0,0.03,0.06,0.01,0.0,0.01,0.0,0.0,0.0,0.01,0.0,0.0,0.0
Banda,0.08,0.01,0.2,4.82,42.41,0.13,0.22,0.12,0.02,0.01,0.01,0.96,0.0,1.82,0.82
Bawku Municipal,0.15,0.1,1.73,0.12,2.15,0.71,1.22,0.96,0.03,0.0,0.37,1.28,1.4,0.08,2.51
Bawku West,0.88,0.12,31.83,1.93,10.88,0.61,22.34,2.33,0.06,0.27,3.72,4.55,31.14,2.93,6.56
Bekwai Municipal,0.0,0.05,0.0,0.13,0.73,0.01,0.0,0.0,0.01,0.0,0.0,0.0,0.0,0.53,0.0
Berekum,0.0,0.0,0.0,0.11,0.12,0.0,0.0,0.0,0.0,0.0,0.0,0.0,0.0,0.05,0.0
Bia East,0.01,0.0,0.0,0.02,0.01,0.0,0.01,0.01,0.0,0.0,0.0,0.01,0.0,0.0,0.0
Bia West,0.01,0.0,0.0,0.17,0.04,0.0,0.0,0.0,0.01,0.0,0.0,0.0,0.01,0.01,0.0
Biakoye,2.48,0.63,0.57,20.34,15.33,0.01,0.8,8.39,0.14,0.05,1.78,6.03,0.1,19.14,0.0
Binduri,0.39,0.16,25.09,1.33,10.32,1.41,21.21,1.38,0.06,0.29,1.46,3.89,29.15,1.82,8.59
Birim Municipal,0.07,0.25,0.0,0.13,0.12,0.04,0.0,0.0,0.04,0.01,0.0,0.0,0.0,0.15,0.0
Birim North,0.0,0.48,0.0,2.0,1.29,0.06,0.0,0.0,0.02,0.0,0.0,0.0,0.0,0.06,0.0
Birim South,0.01,0.12,0.0,0.08,0.45,0.01,0.0,0.0,0.05,0.0,0.0,0.0,0.0,0.12,0.0
Bodi,0.06,0.0,0.0,0.13,0.34,0.09,0.0,0.0,0.02,0.0,0.12,0.07,0.0,0.1,0.0
Bole,0.41,0.04,1.27,11.03,53.93,0.75,0.77,1.99,0.21,0.03,0.79,5.44,0.0,3.03,13.46
Bolgatanga Municipal,0.01,0.06,0.0,0.0,6.77,0.03,0.07,0.35,0.05,0.12,0.55,1.53,4.79,0.47,1.78
Bongo,0.01,0.03,0.02,0.08,2.41,0.03,0.0,0.72,0.02,0.24,0.67,0.98,1.41,1.01,2.04
Bosome Freho,0.0,0.03,0.0,0.16,0.85,0.01,0.0,0.0,0.03,0.0,0.0,0.0,0.0,0.01,0.0
Builsa North,0.2,0.0,0.19,0.87,14.02,0.18,0.03,0.41,0.04,0.15,1.38,6.32,2.98,1.62,5.0
Builsa South,0.35,0.44,2.78,3.76,36.08,1.49,0.32,0.67,0.16,3.99,4.74,20.33,8.82,9.87,25.7
Bunkpurugu Yonyo,0.04,0.31,6.21,1.83,5.84,0.87,5.47,3.01,0.12,0.06,10.57,10.53,9.39,2.46,6.66
Cape Coast Metro,0.64,0.02,0.0,0.21,0.64,0.03,0.0,0.18,0.03,0.15,0.04,0.0,0.03,0.13,0.0
Central Tongu,0.77,0.33,0.0,1.48,2.9,0.1,0.13,0.0,0.03,0.0,0.0,0.37,0.03,0.1,0.0
Chereponi,0.0,0.56,70.0,52.95,22.21,0.73,6.52,54.37,0.04,1.27,60.6,66.52,61.48,60.75,51.92
Daffiama Bussie,0.16,0.0,0.02,0.29,1.77,0.08,0.0,0.09,0.1,0.39,0.01,0.89,0.0,0.19,0.78
Denkyembour,0.03,0.3,0.0,0.09,0.63,0.03,0.0,0.0,0.09,0.03,0.0,0.04,0.0,0.09,0.0
Dormaa East,0.0,0.0,0.0,0.0,0.0,0.01,0.0,0.0,0.0,0.0,0.0,0.0,0.0,0.0,0.0
Dormaa Municipal,0.0,0.0,0.0,0.02,0.0,0.03,0.0,0.03,0.0,0.0,0.0,0.02,0.0,0.05,0.0
Dormaa West,0.0,0.0,0.0,0.0,0.0,0.0,0.0,0.0,0.0,0.0,0.05,0.0,0.0,0.0,0.0
East Akim,0.0,0.01,0.0,0.05,0.18,0.05,0.12,0.03,0.01,0.0,0.02,0.0,0.0,0.0,0.0
East Gonja,2.14,5.34,20.98,165.56,192.38,3.93,1.39,114.41,0.56,4.57,53.54,84.33,3.4,129.48,248.96
Effutu,0.21,0.14,0.0,1.0,0.81,0.06,0.0,0.2,0.05,0.44,0.0,0.22,0.57,0.21,0.0
Ejisu Juaben,0.0,0.07,0.0,0.09,1.42,0.01,0.0,0.02,0.01,0.0,0.0,0.0,0.0,0.76,0.0
Ejura Sekye Dumase,0.01,0.0,0.0,0.0,0.01,0.05,0.03,0.12,0.01,0.0,0.01,0.0,0.0,0.0,0.0
Ekumfi,1.42,0.41,0.0,1.19,4.07,0.4,0.0,0.63,0.12,0.49,0.0,0.98,0.08,1.26,0.0
Ellembelle,0.9,0.01,0.0,0.77,2.74,0.07,0.01,0.01,0.05,0.53,0.16,0.01,0.29,0.01,0.0
Fanteakwa,1.52,0.46,0.05,11.26,4.72,0.35,0.42,7.57,0.08,0.44,3.1,7.95,0.52,4.32,0.0
Ga Central Municipal,0.03,0.0,0.0,0.11,0.23,0.0,0.0,0.0,0.01,0.0,0.0,0.03,0.0,0.06,0.0
Ga East,0.0,0.01,0.0,0.0,2.27,0.0,0.0,0.0,0.0,0.0,0.0,0.0,0.0,0.0,0.0
Ga South,1.09,1.8,0.0,6.86,8.8,2.35,0.0,1.42,0.13,1.04,0.0,0.72,1.24,1.9,0.0
Ga West,0.0,0.05,0.0,0.71,2.13,0.0,0.01,0.0,0.04,0.0,0.0,0.05,0.0,0.01,0.0
Garu Tempane,0.12,0.17,11.15,0.35,7.78,0.46,10.45,1.64,0.12,0.03,2.98,2.21,13.27,0.87,5.06
Gomoa East,0.16,0.13,0.0,0.26,1.39,0.19,0.0,0.04,0.16,0.12,0.0,0.05,0.04,0.08,0.0
Gomoa West,0.2,0.15,0.0,0.81,1.88,0.09,0.0,0.15,0.07,0.54,0.0,0.25,0.31,0.32,0.0
Gonja Central,1.31,2.17,20.82,144.65,123.72,1.78,1.08,157.2,0.37,2.6,114.3,113.2,4.11,108.67,216.98
Gushiegu,0.0,0.09,1.57,0.18,5.11,3.01,0.23,1.11,0.07,0.2,3.79,4.89,16.72,0.51,7.65
Ho Municipal,0.07,0.02,0.0,0.11,0.1,0.02,0.01,0.0,0.01,0.0,0.0,0.0,0.0,0.0,0.0
Ho West,0.11,0.03,0.01,0.05,0.05,0.08,0.1,0.0,0.01,0.0,0.0,0.0,0.04,0.0,0.0
Hohoe Municipal,0.15,0.0,0.0,0.01,0.17,0.0,0.0,0.0,0.02,0.0,0.0,0.0,0.0,0.01,0.0
Jaman North,0.0,0.0,0.11,0.0,0.0,0.0,0.0,0.0,0.01,0.0,0.0,0.0,0.0,0.01,0.0
Jaman South,0.0,0.0,0.01,0.05,0.0,0.0,0.0,0.0,0.0,0.0,0.0,0.0,0.0,0.0,0.0
Jasikan,0.02,0.0,0.0,0.0,0.0,0.0,0.0,0.0,0.01,0.0,0.0,0.0,0.0,0.0,0.0
Jirapa,0.66,0.0,0.1,2.05,6.59,0.09,0.0,0.67,0.07,0.05,0.05,2.53,0.04,0.96,4.92
Jomoro,0.81,0.04,0.0,1.39,7.62,0.88,0.57,0.39,0.21,1.32,0.0,0.02,1.31,0.25,0.0
Juabeso,0.09,0.0,0.0,0.52,0.29,0.28,0.0,0.0,0.02,0.0,0.12,0.12,0.0,0.04,0.0
Kadjebi,0.08,0.01,0.0,0.01,0.21,0.0,0.0,0.0,0.0,0.0,0.0,0.0,0.0,0.06,0.0
Karaga,0.0,3.05,86.98,26.71,104.64,8.37,23.1,68.06,0.18,0.61,99.69,98.56,159.77,31.33,93.11
Kasena Nankana East,0.06,0.06,5.15,1.65,38.32,1.42,4.11,9.21,0.1,0.33,16.93,17.27,25.23,6.58,16.7
Kasena Nankana West,0.14,0.0,1.0,2.07,6.25,0.16,0.02,2.2,0.09,0.05,2.62,4.15,2.4,3.43,4.85
Keta Municipal,1.36,4.8,0.0,15.92,58.61,1.03,0.01,0.81,0.69,0.95,0.29,1.1,5.25,0.0,0.0
Ketu North,0.04,0.03,0.0,0.76,4.83,0.09,0.0,0.03,0.01,0.0,0.0,0.0,0.09,0.0,0.0
Ketu South,0.75,0.53,0.0,12.25,27.3,0.02,0.06,2.43,0.02,0.27,4.52,0.26,1.37,0.0,0.0
Kintampo North,0.55,0.41,0.11,16.99,16.44,0.27,0.09,10.39,0.05,0.45,3.08,9.74,0.16,6.23,19.36
Kintampo South,0.03,0.0,0.0,0.01,0.14,0.05,0.39,0.03,0.0,0.0,0.0,0.02,0.0,0.0,0.07
Kma,0.0,0.0,0.0,0.03,0.04,0.01,0.0,0.0,0.0,0.0,0.0,0.0,0.0,0.04,0.0
Komenda Edna Eguafo / Abirem,0.89,0.29,0.0,1.02,2.78,0.51,0.03,1.47,0.09,1.43,0.33,1.06,1.19,0.01,0.0
Kpandai,0.54,1.88,5.46,73.99,72.57,1.14,0.08,40.88,0.29,0.4,16.22,31.68,0.99,34.62,75.69
Kpando Municipal,1.1,0.43,0.19,9.13,6.59,0.0,0.1,3.12,0.03,0.0,1.19,3.17,0.14,7.01,0.0
Kpone Katamanso,0.11,0.04,0.02,0.22,0.83,0.01,0.01,0.0,0.0,0.0,0.0,0.0,0.0,0.04,0.0
Krachi East,9.13,7.09,4.38,110.34,77.45,0.21,5.19,57.9,0.42,1.19,40.92,45.16,2.7,86.52,4.99
Krachi Nchumuru,2.82,0.74,1.61,42.97,28.5,0.89,0.04,30.9,0.07,0.08,12.1,20.99,0.98,20.8,22.42
Krachi West,2.16,1.13,0.95,49.94,37.77,0.33,0.24,31.19,0.07,1.44,14.79,24.82,0.22,27.27,3.44
Kumbumgu,3.13,1.86,168.68,51.43,159.46,3.61,0.94,174.46,0.0,0.83,131.59,125.11,33.49,149.6,188.22
Kwabre,0.0,0.0,0.0,0.01,0.0,0.0,0.0,0.0,0.0,0.0,0.04,0.0,0.0,0.01,0.0
Kwaebibirem,0.0,0.07,0.0,0.12,0.67,0.12,0.0,0.01,0.06,0.0,0.0,0.01,0.0,0.0,0.0
Kwahu Afram Plains North,16.18,11.85,6.51,131.42,80.22,6.39,0.85,59.57,0.24,3.37,32.19,52.96,11.62,95.13,0.0
Kwahu Afram Plains South,16.84,10.93,3.26,113.68,70.06,7.58,2.98,62.82,0.28,9.75,41.2,51.37,13.06,73.76,0.0
Kwahu East,0.11,0.0,0.0,0.49,0.01,0.08,0.54,1.01,0.0,0.14,0.73,0.07,0.03,0.05,0.0
Kwahu South,2.69,0.76,0.12,16.32,8.78,1.26,0.35,6.35,0.05,2.19,5.94,8.28,0.88,7.12,0.0
Kwahu West,0.01,0.0,0.0,0.0,0.0,0.09,0.0,0.04,0.0,0.0,0.0,0.0,0.0,0.0,0.0
La Dade Kotopon,0.01,0.0,0.0,0.01,0.21,0.0,0.0,0.0,0.0,0.0,0.0,0.0,0.0,0.0,0.0
La Nkwantanang Madina,0.0,0.0,0.0,0.05,0.95,0.01,0.0,0.0,0.0,0.0,0.0,0.0,0.0,0.0,0.0
Lambussie Karni,0.53,0.0,0.01,0.31,0.63,0.08,0.08,0.12,0.05,0.0,0.01,0.06,0.0,0.2,0.36
Lawra,0.12,0.0,0.19,3.33,13.89,0.0,0.01,1.87,0.05,0.0,1.87,4.9,0.02,1.26,10.77
Ledzokuku / Krowor,0.01,0.01,0.0,0.04,0.13,0.0,0.0,0.01,0.0,0.0,0.0,0.0,0.01,0.01,0.0
Lower Manya,1.5,1.15,0.05,2.37,2.36,0.07,0.13,0.6,0.01,1.15,0.46,0.81,0.94,1.12,0.0
Mampong Municipal,0.04,0.0,0.0,0.02,0.02,0.05,0.07,0.19,0.01,0.0,0.0,0.0,0.0,0.0,0.0
Mamprugu Moagduri,0.08,1.18,75.69,26.34,178.13,5.69,4.77,65.02,0.29,6.55,67.17,93.07,68.01,72.83,158.22
Mamprusi East,0.41,0.15,11.38,1.89,7.34,0.6,2.15,2.38,0.11,0.07,8.66,6.26,15.84,1.18,4.79
Mfantsiman,0.63,0.31,0.0,0.62,1.38,0.23,0.0,0.27,0.08,0.57,0.0,0.5,0.01,0.81,0.0
Mion,0.35,0.23,5.49,4.92,16.13,0.12,0.12,6.79,0.06,0.12,3.52,5.08,1.69,10.38,23.37
Mpohor,0.0,0.01,0.0,0.15,0.34,0.05,0.0,0.04,0.07,0.01,0.0,0.0,0.0,0.0,0.0
Nabdam,0.1,0.08,0.45,0.01,0.87,0.0,0.0,0.01,0.02,0.16,0.13,0.31,0.76,0.23,0.86
Nandom,0.59,0.0,0.08,2.82,10.8,0.0,0.03,3.56,0.03,0.01,0.41,3.68,0.0,0.48,5.36
Nanumba North,0.61,1.18,8.62,53.02,62.13,0.46,0.22,28.13,0.29,0.67,11.91,14.87,1.0,24.7,84.76
Nanumba South,0.97,0.56,10.11,42.09,34.07,0.28,0.01,17.72,0.15,0.2,12.08,20.4,2.58,22.21,38.39
New Juaben Municipal,0.01,0.0,0.0,0.0,0.05,0.0,0.0,0.0,0.0,0.0,0.0,0.0,0.0,0.0,0.0
Ningo Prampram,0.84,0.9,0.0,8.79,7.69,0.06,0.0,0.0,0.0,0.1,0.0,0.03,0.78,0.07,0.0
Nkoranza North,0.04,0.0,0.0,0.0,0.12,0.1,0.02,0.0,0.0,0.0,0.0,0.0,0.0,0.0,0.0
Nkoranza South,0.0,0.0,0.0,0.01,0.3,0.01,0.09,0.0,0.01,0.0,0.0,0.0,0.0,0.0,0.0
Nkwanta North,1.09,0.66,10.59,42.89,28.95,0.67,0.02,24.07,0.1,0.41,13.49,23.97,1.52,26.42,25.51
Nkwanta South,1.04,0.3,0.64,12.12,9.84,0.4,0.0,8.14,0.07,0.37,3.39,6.41,0.11,3.95,7.84
North Dayi,1.07,1.21,0.23,7.54,6.44,0.01,0.04,3.0,0.01,0.01,1.17,2.91,1.27,4.02,0.0
North Gonja,0.91,0.15,44.16,12.88,44.41,0.27,0.45,90.82,0.07,0.61,79.0,51.72,0.99,42.18,128.17
North Tongu,2.5,2.45,0.12,3.61,5.44,0.11,0.09,0.0,0.06,0.02,0.03,0.0,0.23,0.04,0.0
Nsawam Adoagyiri,0.0,0.03,0.0,0.2,0.83,0.0,0.0,0.0,0.01,0.0,0.0,0.01,0.0,0.0,0.0
Nzema East,0.49,0.1,0.0,1.55,5.36,0.99,0.55,0.41,0.23,2.16,0.1,0.25,1.13,0.03,0.0
Offinso Municipal,0.0,0.0,0.0,0.0,0.01,0.03,0.0,0.0,0.0,0.0,0.0,0.0,0.0,0.0,0.0
Offinso North,0.0,0.01,0.0,0.01,0.37,0.03,0.05,0.0,0.0,0.0,0.0,0.0,0.0,0.0,0.0
Prestea / Huni Valley,0.0,1.08,0.0,3.04,4.54,1.04,1.32,0.86,0.43,1.06,0.29,0.13,0.55,0.13,0.0
Pru,0.7,3.91,4.46,72.84,61.35,3.65,0.66,61.13,0.34,1.13,28.32,40.51,1.97,54.05,57.44
Pusiga,0.07,0.06,0.72,0.01,1.25,0.58,0.04,0.53,0.05,0.0,0.17,0.42,0.41,0.12,1.15
Saboba,0.28,1.36,104.1,74.6,36.09,0.37,11.17,107.11,0.01,0.67,96.2,54.35,108.21,78.02,41.65
Sagnerigu,0.0,0.01,0.0,0.01,0.14,0.04,0.0,0.01,0.01,0.22,0.08,0.09,0.0,0.03,0.14
Savelugu Nanton,0.38,5.76,161.73,54.14,154.1,9.4,4.11,138.28,0.01,2.05,130.0,107.13,34.09,123.38,162.69
Sefwi Akontombra,0.01,0.01,0.0,0.22,0.16,0.02,0.01,0.01,0.01,0.0,0.03,0.08,0.2,0.03,0.0
Sefwi-Wiawso,0.05,0.0,0.0,0.12,0.05,0.08,0.0,0.05,0.0,0.0,0.0,0.02,0.0,0.08,0.0
Sekondi Takoradi,1.02,0.05,0.0,0.16,0.43,0.02,0.0,0.0,0.03,0.04,0.0,0.04,0.13,0.0,0.0
Sekyere Afram Plains North,0.17,0.01,0.0,0.17,0.66,0.04,0.05,0.32,0.01,0.0,0.19,0.1,0.04,0.0,0.0
Sekyere Central,0.29,0.01,0.0,0.02,1.18,0.08,0.38,0.78,0.02,0.0,0.04,0.01,0.0,0.0,0.0
Sekyere East,0.0,0.0,0.0,0.01,0.04,0.01,0.0,0.06,0.0,0.0,0.0,0.0,0.0,0.0,0.0
Sene East,14.02,5.94,2.02,110.34,87.55,1.53,0.9,70.73,0.38,2.59,29.88,65.34,5.47,72.08,14.22
Sene West,5.25,1.69,0.35,40.99,26.01,2.04,0.04,25.4,0.12,0.07,10.0,19.67,7.4,28.77,5.42
Shai Osu Doku,1.46,1.59,0.0,2.25,4.93,0.15,0.07,0.0,0.0,0.01,0.0,0.0,0.2,0.01,0.0
Shama,0.5,0.41,0.0,1.83,1.95,0.55,0.0,0.61,0.12,0.72,0.0,1.23,0.5,0.01,0.0
Sissala  West,0.35,0.0,0.12,0.98,2.38,0.29,0.13,0.29,0.1,0.95,0.47,0.0,0.0,0.75,1.48
Sissala East,0.7,0.21,0.33,1.19,9.73,0.8,0.41,0.19,0.57,1.37,0.66,4.16,2.17,2.78,6.12
South Dayi,1.36,1.32,0.08,7.77,4.72,0.01,0.02,1.89,0.0,0.76,0.82,2.49,0.19,2.99,0.0
South Tongu,1.85,3.71,0.0,2.87,9.57,0.53,0.11,0.0,0.13,0.08,0.0,0.16,1.2,0.66,0.0
Suaman,0.1,0.0,0.0,0.03,1.54,0.04,0.0,0.05,0.01,0.0,0.33,0.07,0.0,0.04,0.0
Suhum Municipal,0.02,0.0,0.0,0.02,0.05,0.01,0.0,0.0,0.0,0.0,0.0,0.0,0.0,0.0,0.0
Sunyani Municipal,0.0,0.0,0.0,0.03,0.05,0.0,0.0,0.0,0.0,0.0,0.0,0.03,0.0,0.03,0.0
Sunyani West,0.01,0.0,0.0,0.1,0.05,0.03,0.01,0.0,0.01,0.0,0.0,0.0,0.0,0.0,0.0
Tain,0.02,0.0,0.13,0.08,0.11,0.07,0.0,0.01,0.01,0.0,0.0,0.0,0.0,0.01,0.0
Talensi,0.45,0.14,12.39,3.66,19.22,0.64,11.91,10.78,0.11,0.21,19.71,13.35,30.9,2.83,12.24
Tamale North Sub Metro,0.02,0.09,0.94,0.51,6.64,0.19,0.25,0.54,0.04,1.43,0.22,2.96,0.0,5.29,18.4
Tano North,0.0,0.0,0.0,0.01,0.1,0.02,0.0,0.0,0.0,0.0,0.0,0.0,0.0,0.0,0.0
Tano South,0.0,0.0,0.0,0.01,0.01,0.03,0.0,0.0,0.0,0.0,0.0,0.0,0.0,0.0,0.0
Tarkwa Nsuaem,0.0,0.14,0.0,4.35,4.17,0.63,0.08,0.04,0.25,0.5,1.5,0.0,0.0,0.02,0.0
Tatale,0.29,0.2,6.47,6.52,3.3,0.06,0.0,6.59,0.07,0.28,5.16,4.52,3.18,5.83,5.8
Techiman Municipal,0.0,0.0,0.0,0.01,0.02,0.01,0.0,0.0,0.01,0.0,0.0,0.0,0.0,0.0,0.0
Techiman North,0.0,0.0,0.0,0.0,0.0,0.0,0.0,0.0,0.0,0.0,0.0,0.0,0.0,0.0,0.0
Tema Metropolis,0.1,0.01,0.0,0.01,0.34,0.01,0.0,0.0,0.0,0.0,0.0,0.0,0.01,0.22,0.0
Tolon,1.19,0.02,81.41,11.87,54.22,0.49,0.53,74.15,0.01,0.53,76.91,47.09,1.69,59.31,92.63
Twifo Ati-Morkwa,0.09,0.56,0.0,0.25,1.76,1.01,0.0,0.68,0.08,0.17,0.0,0.0,0.38,0.96,0.0
Twifo Lower Denkyira,0.0,0.01,0.0,0.1,0.02,0.01,0.0,0.0,0.03,0.2,0.0,0.0,0.01,0.04,0.0
Upper Denkyira East,0.0,0.07,0.0,1.11,0.5,0.35,0.0,0.0,0.02,0.0,0.0,0.0,0.27,0.02,0.0
Upper Denkyira West,0.0,0.54,0.0,5.51,1.72,2.57,0.0,0.13,0.01,0.01,0.03,0.01,0.29,0.83,0.0
Upper Manya,4.56,3.34,0.53,18.34,12.89,0.6,0.37,6.96,0.09,3.24,3.52,7.55,2.37,9.53,0.0
Upper West Akim,0.0,0.0,0.0,0.04,0.0,0.02,0.0,0.0,0.0,0.0,0.0,0.0,0.0,0.05,0.0
Wa East,2.43,0.65,0.39,3.08,10.99,0.57,0.07,2.71,1.06,0.82,0.45,7.2,0.09,2.93,7.15
Wa Municipal,0.09,0.0,0.35,0.6,0.0,0.03,0.0,0.05,0.01,0.0,0.04,0.07,0.0,0.27,0.54
Wa West,0.09,0.0,2.02,4.54,14.07,0.07,0.0,1.76,0.03,0.0,0.21,1.23,0.13,0.78,12.35
Wassa Amenfi Central,0.0,0.67,0.0,1.04,1.96,0.86,0.08,0.49,0.13,0.11,0.03,0.03,0.37,0.17,0.0
Wassa Amenfi East,0.0,0.71,0.0,0.63,2.34,0.77,0.03,0.54,0.08,0.11,0.03,0.02,0.48,0.36,0.0
Wassa Amenfi West,0.0,0.21,0.0,1.39,1.98,0.72,0.32,0.36,0.05,0.29,0.02,0.09,1.44,0.06,0.0
Wassa East,1.16,0.15,0.0,3.05,0.69,0.51,0.0,0.52,0.31,1.15,0.02,0.06,1.31,0.62,0.0
Wenchi,0.0,0.0,0.0,0.01,0.18,0.13,0.07,0.0,0.01,0.0,0.01,0.0,0.0,0.0,0.0
West Akim,0.14,0.07,0.0,0.11,0.8,0.01,0.0,0.0,0.05,0.0,0.0,0.01,0.0,0.42,0.0
West Gonja,0.28,0.02,6.13,4.83,10.68,0.13,0.34,31.56,0.18,0.69,27.01,7.63,0.05,5.41,48.8
West Mamprusi,0.46,2.85,174.9,59.47,203.95,10.3,23.2,172.46,0.25,0.98,178.26,145.18,155.99,116.22,194.66
Yendi Municipal,0.56,0.19,12.46,5.98,8.52,0.16,0.0,12.44,0.11,0.01,9.66,8.14,8.17,8.77,8.5
Yilo Krobo,0.05,0.03,0.0,0.4,0.38,0.01,0.0,0.19,0.0,0.0,0.18,0.28,0.0,0.28,0.0
Zabzugu,0.54,0.11,9.35,9.14,3.67,0.05,0.0,10.5,0.04,0.14,7.64,5.15,3.02,6.47,12.94
