Region,20200923_20200930,20200722_20200729,20190901_20190920,20200819_20200826,20200826_20200902,20200805_20200812,20200909_20200916,20201014_20201021,20200812_20200819,20180815_20181015,20201007_20201014,20200902_20200909,20200916_20200923,20200715_20200722,20200930_20201007
Abura / Asebu / Kwamankese,0.0,0.0,0.0,0.0,0.0,0.0,0.0,0.0,0.0,0.0,0.0,0.0,0.0,0.0,0.0
Accra Metropolis,0.0,0.0,0.02,0.0,0.0,0.0,0.0,0.0,0.0,0.0,0.01,0.0,0.0,0.0,0.0
Ada East,0.0,0.0,0.97,0.0,0.0,0.29,0.09,1.15,0.21,0.0,0.0,0.15,0.0,0.04,0.0
Ada West,0.0,0.0,1.08,0.01,0.01,0.32,0.0,1.55,0.34,0.0,0.0,0.28,0.0,0.05,0.0
Adaklu,0.0,0.0,0.1,0.01,0.0,0.02,0.0,0.01,0.01,0.0,0.0,0.0,0.0,0.0,0.0
Adansi North,0.0,0.0,0.04,0.0,0.0,0.0,0.0,0.01,0.0,0.0,0.0,0.0,0.0,0.0,0.0
Adansi South,0.01,0.0,0.1,0.01,0.0,0.01,0.0,0.03,0.0,0.0,0.01,0.01,0.0,0.0,0.0
Adenta,0.0,0.0,0.16,0.0,0.0,0.0,0.0,0.0,0.0,0.0,0.0,0.0,0.0,0.0,0.0
Afadzato South,0.09,0.01,0.08,0.0,0.01,0.0,0.0,0.26,0.16,0.0,0.21,0.0,0.07,0.0,0.16
Afigya Kwabre,0.0,0.0,0.0,0.01,0.0,0.0,0.0,0.0,0.0,0.0,0.0,0.0,0.0,0.0,0.0
Agona East,0.0,0.01,0.02,0.0,0.0,0.0,0.0,0.01,0.01,0.0,0.0,0.0,0.0,0.0,0.0
Agona West,0.0,0.0,0.07,0.01,0.0,0.0,0.0,0.0,0.0,0.0,0.0,0.0,0.0,0.0,0.0
Agotime Ziope,0.0,0.0,0.02,0.08,0.0,0.0,0.0,0.0,0.0,0.0,0.0,0.0,0.0,0.0,0.0
Ahafo Ano North,0.0,0.0,0.0,0.0,0.0,0.0,0.0,0.0,0.0,0.0,0.0,0.0,0.0,0.0,0.0
Ahafo Ano South,0.0,0.0,0.02,0.03,0.0,0.0,0.0,0.0,0.0,0.0,0.02,0.0,0.0,0.0,0.0
Ahanta West,0.0,0.0,0.07,0.0,0.0,0.0,0.0,0.0,0.04,0.0,0.01,0.01,0.0,0.0,0.05
Ajumako / Enyan / Esiam,0.0,0.0,0.02,0.0,0.0,0.0,0.0,0.0,,0.0,0.0,0.0,0.0,0.01,0.0
Akatsi North,0.0,0.0,0.19,0.04,0.09,0.01,0.0,0.04,0.02,0.0,0.0,0.0,0.0,0.0,0.0
Akatsi South,0.0,0.0,1.53,0.55,0.87,0.1,0.0,0.05,0.03,0.0,0.0,0.0,0.0,0.0,0.32
Akwapem North,0.0,0.0,0.04,0.0,0.0,0.0,0.0,0.0,0.0,0.0,0.0,0.0,0.0,0.0,0.0
Akwapem South,0.0,0.0,0.06,0.01,0.0,0.0,0.0,0.0,0.01,0.0,0.0,0.0,0.0,0.0,0.0
Akyem Mansa,0.0,0.01,0.15,0.0,0.0,0.0,0.0,0.01,0.0,0.0,0.0,0.0,0.0,0.0,0.0
Amansie Central,0.01,0.0,0.15,0.04,0.01,0.01,0.0,0.09,0.0,0.0,0.04,0.0,0.0,0.0,0.0
Amansie West,0.12,0.01,0.62,0.16,0.02,0.08,0.0,0.76,0.0,0.0,0.08,0.0,0.0,0.0,0.02
Aowin,0.03,0.01,0.23,0.02,0.0,0.0,0.0,0.09,0.0,0.0,0.06,0.01,0.02,0.0,0.02
Asante Akim Central Municipal,0.0,0.0,0.5,0.0,0.0,0.01,0.0,0.02,0.0,0.0,0.03,0.0,0.0,0.0,0.0
Asante Akim North,0.92,0.0,2.82,0.0,0.04,0.01,0.03,4.97,0.01,0.0,3.45,0.0,0.16,0.0,2.25
Asante Akim South,0.0,0.0,0.18,0.0,0.0,0.0,0.0,0.01,0.0,0.0,0.0,0.0,0.0,0.0,0.0
Ashaiman,0.0,0.0,0.0,0.0,0.0,0.0,0.0,0.0,0.0,0.0,0.0,0.0,0.0,0.0,0.0
Asikuma / Odoben / Brakwa,0.0,0.0,0.0,0.0,0.0,0.0,0.0,0.01,0.0,0.0,0.0,0.0,0.0,0.0,0.0
Asokore Mampong Municipal,0.0,0.0,0.0,0.0,0.0,0.0,0.0,0.0,0.0,0.0,0.0,0.0,0.0,0.0,0.0
Assin North,0.0,0.01,0.08,0.01,0.0,0.0,0.0,0.02,0.0,0.0,0.07,0.01,0.0,0.0,0.0
Assin South,0.0,0.0,0.0,0.0,0.0,0.0,0.0,0.0,0.0,0.0,0.0,0.0,0.0,0.0,0.0
Asunafo North,0.0,0.0,0.0,0.0,0.0,0.0,0.0,0.0,0.0,0.0,0.04,0.0,0.01,0.0,0.0
Asunafo South,0.0,0.0,0.0,0.0,0.0,0.0,0.0,0.0,0.0,0.0,0.01,0.0,0.0,0.0,0.0
Asuogyaman,0.08,0.0,0.03,0.0,0.02,0.01,0.0,0.23,0.03,0.0,0.15,0.0,0.0,0.11,0.08
Asutifi North,0.0,0.0,0.0,0.0,0.0,0.0,0.0,0.06,0.0,0.0,0.0,0.0,0.0,0.0,0.0
Asutifi South,0.0,0.0,0.02,0.0,0.0,0.0,0.0,0.01,0.0,0.0,0.02,0.0,0.0,0.0,0.0
Atebubu Amantin,0.0,0.01,1.43,0.06,0.06,0.0,0.0,0.0,0.06,0.0,0.01,0.02,0.01,0.0,0.0
Atiwa,0.0,0.02,0.24,0.1,0.0,0.04,0.0,0.0,0.0,0.0,0.0,0.06,0.0,0.0,0.0
Atwima Kwanwoma,0.0,0.0,0.02,0.0,0.0,0.0,0.0,0.01,0.0,0.0,0.02,0.0,0.0,0.0,0.0
Atwima Mponua,0.01,0.0,0.62,0.01,0.02,0.01,0.0,0.28,0.0,0.0,0.1,0.0,0.0,0.0,0.0
Atwima Nwabiagya,0.0,0.0,0.15,0.02,0.06,0.0,0.0,0.1,0.0,0.0,1.44,0.0,0.0,0.0,0.0
Awutu Senya East Municipal,0.0,0.0,0.04,0.0,0.0,0.0,0.0,0.0,0.01,0.0,0.0,0.0,0.0,0.0,0.0
Awutu Senya West,0.0,0.01,0.16,0.14,0.0,0.0,0.0,0.02,,0.0,0.05,0.0,0.0,0.01,0.01
Ayensuano,0.01,0.0,0.02,0.0,0.0,0.0,0.0,0.02,0.0,0.0,0.0,0.0,0.0,0.0,0.01
Banda,0.01,0.0,7.78,0.05,0.06,0.0,0.01,0.01,0.02,0.02,0.03,0.0,0.0,0.0,0.04
Bawku Municipal,0.39,0.01,0.93,0.55,0.79,0.03,0.81,0.04,0.1,1.11,0.02,0.71,0.18,0.0,0.66
Bawku West,0.72,0.01,5.18,0.17,14.43,0.02,16.5,1.01,0.07,2.22,1.16,17.73,1.47,0.05,1.59
Bekwai Municipal,0.0,0.0,0.09,0.01,0.0,0.01,0.0,0.0,0.0,0.0,0.24,0.0,0.0,0.0,0.0
Berekum,0.0,0.0,0.03,0.0,0.0,0.0,0.0,0.09,0.0,0.0,0.01,0.0,0.0,0.0,0.0
Bia East,0.0,0.0,0.0,0.0,0.0,0.0,0.0,0.01,0.0,0.0,0.0,0.0,0.0,0.0,0.0
Bia West,0.0,0.0,0.02,0.0,0.0,0.0,0.0,0.01,0.0,0.0,0.0,0.0,0.0,0.0,0.0
Biakoye,0.19,0.01,0.1,0.0,0.06,0.0,0.01,1.36,0.0,0.0,0.91,0.0,0.02,0.01,0.4
Binduri,0.58,0.03,5.2,0.94,12.25,0.04,13.13,0.59,0.07,4.55,0.64,15.78,0.73,0.12,1.82
Birim Municipal,0.0,0.01,0.0,0.01,0.0,0.02,0.0,0.0,0.0,0.0,0.0,0.0,0.0,0.0,0.0
Birim North,0.0,0.0,0.14,0.0,0.0,0.08,0.0,0.21,0.0,0.0,0.0,0.0,0.0,0.0,0.0
Birim South,0.0,0.01,0.02,0.0,0.0,0.01,0.0,0.0,0.0,0.0,0.0,0.0,0.0,0.0,0.0
Bodi,0.0,0.0,0.1,0.0,0.0,0.0,0.0,0.01,0.01,0.0,0.03,0.0,0.0,0.0,0.04
Bole,0.37,0.02,7.0,0.27,0.29,0.0,0.02,0.33,0.01,0.99,0.02,0.0,0.15,0.0,0.3
Bolgatanga Municipal,0.17,0.03,3.07,0.0,0.07,0.03,0.0,0.0,0.01,0.96,0.29,2.98,0.25,0.09,0.82
Bongo,0.25,0.01,0.86,0.0,0.0,0.0,0.0,0.06,0.01,0.59,0.35,0.75,0.23,0.19,0.34
Bosome Freho,0.0,0.0,0.21,0.0,0.0,0.0,0.0,0.04,0.0,0.0,0.0,0.0,0.0,0.0,0.0
Bosomtwe / Atwima / Kwanwoma,0.0,0.0,0.01,0.0,0.0,0.0,0.0,0.0,,0.0,0.21,0.0,0.0,0.0,0.0
Builsa North,0.13,0.01,7.6,0.07,0.01,0.0,0.05,0.27,0.1,2.85,0.62,1.41,0.64,0.05,3.24
Builsa South,0.51,0.06,25.31,0.99,0.2,0.25,2.28,2.47,0.1,19.87,8.02,5.88,3.37,2.83,15.59
Bunkpurugu Yonyo,1.08,0.05,2.52,0.45,2.64,0.17,3.66,0.73,0.02,3.49,1.02,4.96,5.51,0.04,5.02
Cape Coast Metro,0.0,0.0,0.02,0.0,0.0,0.0,0.0,0.0,0.0,0.0,0.0,0.0,0.0,0.0,0.0
Central Tongu,0.0,0.01,0.8,0.06,0.08,0.07,0.0,0.13,0.07,0.0,0.07,0.02,0.0,0.0,0.19
Chereponi,37.75,0.02,11.69,0.37,4.18,0.38,49.15,36.5,0.0,33.55,43.38,40.72,42.4,0.95,45.27
Daffiama Bussie,0.01,0.01,0.11,0.0,0.0,0.0,0.0,0.01,0.0,0.04,0.01,0.0,0.0,0.01,0.04
Denkyembour,0.0,0.01,0.03,0.01,0.0,0.01,0.0,0.0,0.0,0.0,0.0,0.0,0.0,0.02,0.0
Dormaa East,0.0,0.0,0.0,0.01,0.0,0.0,0.0,0.0,0.0,0.0,0.0,0.0,0.0,0.0,0.0
Dormaa Municipal,0.01,0.0,0.0,0.01,0.0,0.0,0.0,0.01,0.0,0.0,0.03,0.0,0.0,0.0,0.0
Dormaa West,0.0,0.0,0.0,0.0,0.0,0.0,0.0,0.0,0.0,0.0,0.0,0.0,0.01,0.0,0.0
East Akim,0.0,0.0,0.01,0.01,0.01,0.0,0.0,0.0,0.0,0.0,0.0,0.0,0.0,0.0,0.0
East Gonja,11.81,0.07,38.41,1.69,0.91,0.83,12.57,24.49,0.08,74.3,37.73,0.15,9.8,1.66,10.16
Effutu,0.01,0.0,0.09,0.0,0.0,0.02,0.0,0.02,0.0,0.0,0.01,0.05,0.0,0.02,0.01
Ejisu Juaben,0.0,0.0,0.86,0.01,0.0,0.01,0.0,0.04,0.0,0.0,0.56,0.0,0.0,0.0,0.0
Ejura Sekye Dumase,0.11,0.01,0.0,0.03,0.03,0.0,0.0,0.0,0.01,0.0,0.0,0.0,0.0,0.0,0.0
Ekumfi,0.01,0.0,0.08,0.01,0.0,0.0,0.0,0.05,0.01,0.0,0.02,0.0,0.0,0.01,0.02
Ellembelle,0.0,0.0,0.0,0.0,0.0,0.0,0.0,0.01,0.0,0.0,0.0,0.0,0.0,0.0,0.0
Fanteakwa,1.24,0.0,0.29,0.15,0.35,0.1,0.0,3.02,0.01,0.0,1.23,0.05,1.19,0.01,1.43
Ga Central Municipal,0.0,0.0,0.02,0.0,0.0,0.0,0.0,0.0,0.0,0.0,0.0,0.0,0.0,0.0,0.0
Ga East,0.0,0.0,0.3,0.0,0.0,0.0,0.0,0.0,0.0,0.0,0.0,0.0,0.0,0.0,0.0
Ga South,0.02,0.04,0.95,0.01,0.0,0.03,0.0,0.51,0.04,0.0,0.05,0.01,0.0,0.01,0.02
Ga West,0.0,0.02,1.13,0.0,0.01,0.03,0.0,0.66,0.0,0.0,0.01,0.0,0.0,0.0,0.01
Garu Tempane,0.5,0.05,3.51,0.35,5.79,0.1,4.51,0.2,0.07,2.27,0.36,5.76,1.19,0.0,0.94
Gomoa East,0.0,0.04,0.17,0.06,0.0,0.02,0.0,0.01,0.0,0.0,0.0,0.0,0.0,0.01,0.0
Gomoa West,0.0,0.01,0.15,0.01,0.0,0.0,0.0,0.02,0.0,0.0,0.0,0.0,0.0,0.04,0.0
Gonja Central,18.09,0.01,6.1,0.97,0.31,0.03,3.98,9.11,0.04,34.06,7.23,0.24,24.13,0.26,6.38
Gushiegu,0.51,0.04,2.5,1.65,0.12,0.05,0.83,0.05,0.0,6.07,0.15,9.82,1.92,0.08,2.87
Ho Municipal,0.0,0.0,0.04,0.01,0.01,0.01,0.0,0.07,0.02,0.0,0.0,0.0,0.0,0.0,0.0
Ho West,0.0,0.0,0.01,0.03,0.01,0.0,0.0,0.0,0.0,0.0,0.0,0.0,0.0,0.0,0.0
Hohoe Municipal,0.0,0.01,0.07,0.0,0.0,0.0,0.0,0.0,0.04,0.0,0.0,0.0,0.0,0.0,0.0
Jaman North,0.0,0.0,0.0,0.0,0.0,0.0,0.03,0.0,0.0,0.0,0.01,0.0,0.0,0.0,0.0
Jaman South,0.0,0.0,0.0,0.0,0.0,0.0,0.0,0.04,0.0,0.0,0.0,0.0,0.0,0.0,0.0
Jasikan,0.0,0.0,0.0,0.0,0.0,0.0,0.0,0.0,0.0,0.0,0.0,0.0,0.0,0.0,0.0
Jirapa,0.25,0.03,2.04,0.02,0.0,0.0,0.0,0.52,0.28,1.36,0.31,0.01,0.0,0.01,0.64
Jomoro,0.0,0.0,0.12,0.0,0.0,0.0,0.0,0.01,0.02,0.0,0.0,0.0,0.0,0.01,0.0
Juabeso,0.0,0.0,0.02,0.01,0.0,0.0,0.0,0.0,0.0,0.0,0.01,0.0,0.0,0.0,0.01
Kadjebi,0.0,0.0,0.0,0.0,0.0,0.0,0.0,0.0,0.0,0.0,0.0,0.0,0.0,0.0,0.0
Karaga,44.06,0.09,67.88,5.96,18.05,2.02,58.27,18.41,0.0,65.52,21.3,104.38,68.48,0.37,72.79
Kasena Nankana East,5.42,0.05,22.07,0.8,2.53,0.03,3.24,0.9,0.04,11.27,3.89,14.58,11.28,0.2,11.65
Kasena Nankana West,0.35,0.03,1.76,0.05,0.01,0.0,0.08,0.4,0.03,1.05,0.65,0.47,0.59,0.02,1.1
Keta Municipal,0.04,0.01,0.81,0.03,0.0,0.03,0.0,0.3,0.01,0.0,0.0,0.05,0.03,0.01,0.0
Ketu North,0.0,0.01,4.13,0.08,0.0,0.03,0.0,0.56,0.02,0.0,0.0,0.04,0.0,0.0,0.0
Ketu South,0.18,0.01,1.82,0.01,0.03,0.03,0.0,0.77,0.03,0.0,0.0,0.05,0.38,0.01,0.0
Kintampo North,1.04,0.01,1.72,0.08,0.04,0.01,0.0,2.18,0.03,1.7,0.98,0.02,0.59,0.01,0.98
Kintampo South,0.01,0.0,0.04,0.05,0.31,0.0,0.0,0.0,0.01,0.01,0.0,0.0,0.0,0.0,0.0
Kma,0.0,0.0,0.01,0.0,0.0,0.0,0.0,0.0,0.0,0.0,0.03,0.0,0.0,0.0,0.0
Komenda Edna Eguafo / Abirem,0.0,0.0,0.06,0.0,0.01,0.0,0.0,0.0,0.0,0.0,0.0,0.0,0.0,0.0,0.0
Kpandai,1.12,0.02,4.72,0.21,0.02,0.08,0.08,10.95,0.06,5.7,3.4,0.25,0.16,0.12,2.0
Kpando Municipal,0.04,0.0,0.14,0.0,0.01,0.0,0.0,0.14,0.06,0.0,0.09,0.0,0.0,0.0,0.06
Kpone Katamanso,0.0,0.0,0.04,0.01,0.01,0.01,0.0,0.02,0.02,0.0,0.01,0.0,0.0,0.0,0.0
Krachi East,1.29,0.02,0.39,0.03,0.15,0.07,0.0,10.71,0.13,0.06,5.09,0.12,0.13,0.12,2.09
Krachi Nchumuru,0.78,0.0,0.12,0.17,0.0,0.04,0.0,5.88,0.08,0.34,2.17,0.02,0.1,0.02,1.23
Krachi West,0.46,0.0,0.4,0.03,0.0,0.04,0.0,4.2,0.03,0.0,1.54,0.0,0.05,0.14,0.72
Kumbumgu,70.6,0.0,66.02,1.5,0.53,0.81,74.04,20.64,1.15,78.41,59.11,16.62,57.5,0.5,49.49
Kwabre,0.0,0.0,0.0,0.0,0.0,0.0,0.0,0.0,0.0,0.0,0.01,0.0,0.0,0.0,0.0
Kwaebibirem,0.0,0.0,0.05,0.01,0.0,0.0,0.0,0.0,0.0,0.0,0.0,0.0,0.0,0.0,0.0
Kwahu Afram Plains North,3.71,0.0,0.53,0.03,0.2,0.03,0.01,19.69,0.07,0.0,10.52,0.01,0.88,0.42,6.25
Kwahu Afram Plains South,3.34,0.0,0.44,0.05,0.8,0.01,0.14,12.45,0.13,0.0,6.92,0.08,1.82,0.07,4.53
Kwahu East,0.22,0.0,0.0,0.01,0.16,0.0,0.0,0.24,0.01,0.0,0.03,0.0,0.25,0.01,0.02
Kwahu South,0.71,0.0,0.05,0.01,0.17,0.0,0.0,2.24,0.02,0.0,0.89,0.0,0.58,0.03,0.81
Kwahu West,0.0,0.0,0.0,0.0,0.0,0.0,0.0,0.0,0.0,0.0,0.0,0.0,0.0,0.0,0.0
La Dade Kotopon,0.0,0.0,0.01,0.0,0.0,0.0,0.0,0.0,0.0,0.0,0.0,0.0,0.0,0.0,0.0
La Nkwantanang Madina,0.0,0.0,0.21,0.01,0.0,0.0,0.0,0.01,0.0,0.0,0.0,0.0,0.0,0.0,0.0
Lambussie Karni,0.02,0.02,0.17,0.04,0.04,0.0,0.0,0.06,0.18,0.1,0.05,0.0,0.0,0.0,0.01
Lawra,0.27,0.02,4.94,0.0,0.0,0.0,0.02,0.67,0.04,2.93,0.22,0.0,0.36,0.0,1.05
Ledzokuku / Krowor,0.0,0.0,0.0,0.0,0.0,0.0,0.0,0.0,0.0,0.0,0.0,0.0,0.0,0.0,0.0
Lower Manya,0.05,0.0,0.04,0.0,0.02,0.04,0.01,0.08,0.01,0.0,0.09,0.0,0.01,0.0,0.04
Mampong Municipal,0.17,0.0,0.01,0.03,0.06,0.0,0.0,0.02,0.01,0.0,0.0,0.0,0.0,0.0,0.0
Mamprugu Moagduri,46.58,0.15,128.06,2.9,4.07,0.42,51.14,15.35,0.05,115.99,55.4,48.98,50.6,4.64,70.53
Mamprusi East,0.92,0.05,3.38,0.15,1.04,0.06,4.85,0.94,0.05,2.02,0.56,8.13,5.19,0.01,3.57
Mfantsiman,0.01,0.0,0.04,0.01,0.0,0.01,0.0,0.02,0.02,0.0,0.01,0.0,0.0,0.01,0.01
Mion,2.91,0.03,6.42,0.04,0.07,0.05,2.95,1.89,0.09,11.52,5.41,0.83,1.48,0.06,2.74
Mpohor,0.0,0.0,0.04,0.0,0.0,0.0,0.0,0.0,0.0,0.0,0.0,0.0,0.0,0.0,0.0
Nabdam,0.0,0.01,0.18,0.0,0.0,0.01,0.17,0.0,0.06,0.15,0.04,0.25,0.07,0.09,0.03
Nadowli / Kaleo,0.11,0.01,3.22,0.0,0.0,0.0,0.01,0.44,,1.52,0.05,0.0,0.01,0.0,0.65
Nandom,0.36,0.0,1.07,0.0,0.0,0.0,0.01,0.37,0.32,0.52,0.09,0.0,0.06,0.01,0.43
Nanumba North,8.25,0.04,10.46,0.16,0.05,0.24,4.46,10.41,0.23,14.59,7.65,0.61,5.39,0.27,4.18
Nanumba South,3.42,0.03,2.52,0.1,0.0,0.06,2.03,8.37,0.2,3.3,4.66,0.28,2.8,0.11,3.93
New Juaben Municipal,0.0,0.0,0.02,0.0,0.0,0.0,0.0,0.0,0.0,0.0,0.0,0.0,0.0,0.0,0.0
Ningo Prampram,0.0,0.0,0.85,0.02,0.0,0.04,0.0,0.08,0.04,0.0,0.04,0.0,0.0,0.01,0.0
Nkoranza North,0.0,0.0,0.08,0.03,0.0,0.0,0.0,0.0,0.0,0.0,0.0,0.0,0.0,0.0,0.0
Nkoranza South,0.0,0.01,0.25,0.0,0.07,0.0,0.0,0.0,0.0,0.0,0.0,0.0,0.0,0.0,0.0
Nkwanta North,1.95,0.03,0.69,0.17,0.0,0.05,0.72,6.95,0.1,0.71,3.17,0.06,1.84,0.19,2.75
Nkwanta South,0.14,0.02,0.64,0.15,0.0,0.04,0.0,1.08,0.13,1.27,0.27,0.01,0.13,0.22,0.25
North Dayi,0.08,0.0,0.18,0.0,0.02,0.01,0.0,0.15,0.02,0.0,0.15,0.0,0.04,0.0,0.2
North Gonja,23.08,0.0,8.27,0.04,0.21,0.01,15.67,2.17,0.12,30.02,10.4,0.17,24.13,0.13,11.48
North Tongu,0.0,0.01,0.68,0.02,0.05,0.11,0.02,0.11,0.15,0.0,0.01,0.02,0.0,0.0,0.0
Nsawam Adoagyiri,0.0,0.01,0.51,0.0,0.0,0.02,0.0,0.17,0.0,0.0,0.0,0.0,0.0,0.0,0.01
Nzema East,0.01,0.01,0.13,0.01,0.03,0.0,0.0,0.08,0.0,0.0,0.0,0.03,0.0,0.05,0.0
Obuasi Municipal,0.0,0.0,0.03,0.01,0.01,0.0,0.0,0.09,,0.0,0.06,0.0,0.0,0.0,0.0
Offinso Municipal,0.0,0.0,0.0,0.0,0.0,0.0,0.0,0.0,0.0,0.0,0.0,0.0,0.0,0.0,0.0
Offinso North,0.0,0.0,0.24,0.01,0.05,0.0,0.0,0.0,0.0,0.0,0.0,0.0,0.0,0.0,0.0
Prestea / Huni Valley,0.05,0.01,0.13,0.01,0.01,0.03,0.0,0.11,0.0,0.0,0.0,0.0,0.0,0.03,0.01
Pru,7.03,0.05,5.1,0.47,0.12,0.34,0.38,17.93,0.09,4.95,11.78,0.13,2.92,0.26,7.56
Pusiga,0.19,0.02,0.24,0.51,0.01,0.03,0.19,0.01,0.05,0.3,0.04,0.1,0.05,0.0,0.1
Saboba,84.67,0.01,25.66,0.28,7.9,0.58,87.05,59.42,0.09,28.71,63.16,84.95,79.3,0.3,42.13
Sagnerigu,0.01,0.0,0.09,0.03,0.0,0.01,0.0,0.01,0.0,0.06,0.01,0.0,0.06,0.15,0.06
Savelugu Nanton,85.55,0.01,96.17,6.91,3.29,4.19,96.76,34.38,0.14,101.91,79.32,23.78,82.01,1.27,64.34
Sawla / Tuna / Kalba,0.04,0.0,2.39,0.03,0.0,0.0,0.02,0.09,,0.2,0.02,0.0,0.0,0.0,0.0
Sefwi Akontombra,0.0,0.0,0.0,0.0,0.0,0.0,0.0,0.0,0.0,0.0,0.0,0.0,0.0,0.0,0.0
Sefwi Bibiani / Anhwiaso Bekwai,0.06,0.0,0.01,0.0,0.0,0.0,0.0,0.02,,0.0,0.03,0.0,0.0,0.0,0.0
Sefwi-Wiawso,0.0,0.0,0.01,0.04,0.0,0.0,0.0,0.03,0.0,0.0,0.05,0.0,0.0,0.0,0.0
Sekondi Takoradi,0.0,0.0,0.0,0.0,0.0,0.0,0.0,0.0,0.0,0.0,0.0,0.0,0.0,0.0,0.0
Sekyere Afram Plains North,0.1,0.0,0.16,0.01,0.04,0.0,0.0,0.01,0.01,0.0,0.0,0.0,0.0,0.0,0.03
Sekyere Central,0.46,0.01,0.79,0.02,0.33,0.0,0.0,0.0,0.07,0.0,0.0,0.0,0.01,0.0,0.0
Sekyere East,0.0,0.0,0.02,0.0,0.0,0.0,0.0,0.0,0.0,0.0,0.0,0.0,0.0,0.0,0.0
Sekyere Kumawu,0.0,0.0,0.0,0.0,0.0,0.0,0.0,0.01,,0.0,0.0,0.0,0.0,0.0,0.0
Sekyere South,0.0,0.0,0.0,0.0,0.0,0.0,0.0,0.0,,0.0,0.0,0.0,0.0,0.0,0.0
Sene East,0.96,0.01,0.31,0.14,0.03,0.08,0.0,6.83,0.15,0.2,2.59,0.0,0.08,0.07,1.37
Sene West,0.4,0.0,0.8,0.16,0.0,0.02,0.0,2.33,0.15,0.17,0.98,0.18,0.44,0.0,0.39
Shai Osu Doku,0.0,0.0,1.12,0.05,0.03,0.24,0.0,0.29,0.28,0.0,0.0,0.04,0.0,0.0,0.0
Shama,0.0,0.0,0.0,0.01,0.0,0.0,0.0,0.01,0.0,0.0,0.0,0.0,0.0,0.04,0.0
Sissala  West,0.07,0.02,0.42,0.14,0.02,0.0,0.02,0.16,0.09,0.13,0.07,0.0,0.06,0.3,0.0
Sissala East,0.05,0.11,4.26,0.25,0.21,0.1,0.05,0.36,0.11,2.5,1.02,1.0,0.2,0.44,2.07
South Dayi,0.1,0.0,0.02,0.0,0.01,0.0,0.0,0.38,0.0,0.0,0.23,0.0,0.05,0.08,0.16
South Tongu,0.0,0.01,0.76,0.26,0.06,0.8,0.0,0.26,0.35,0.0,0.39,0.08,0.0,0.0,0.04
Suaman,0.0,0.0,0.37,0.01,0.0,0.0,0.0,0.0,0.01,0.0,0.0,0.0,0.04,0.0,0.0
Suhum Municipal,0.0,0.0,0.0,0.0,0.0,0.0,0.0,0.0,0.0,0.0,0.0,0.0,0.0,0.0,0.0
Sunyani Municipal,0.0,0.0,0.04,0.0,0.0,0.0,0.0,0.0,0.0,0.0,0.0,0.0,0.0,0.0,0.02
Sunyani West,0.0,0.01,0.01,0.02,0.01,0.0,0.0,0.02,0.0,0.0,0.0,0.0,0.0,0.0,0.0
Tain,0.01,0.0,0.1,0.04,0.0,0.0,0.07,0.03,0.01,0.0,0.0,0.0,0.0,0.0,0.0
Talensi,7.05,0.04,10.37,0.3,8.36,0.02,8.12,2.47,0.07,7.39,1.81,19.73,13.08,0.11,7.45
Tamale North Sub Metro,0.2,0.02,5.62,0.15,0.25,0.05,0.79,0.26,0.02,16.6,4.84,0.0,0.21,1.42,2.43
Tano North,0.0,0.0,0.07,0.02,0.0,0.0,0.0,0.01,0.0,0.0,0.0,0.0,0.0,0.0,0.0
Tano South,0.0,0.0,0.01,0.0,0.0,0.0,0.0,0.0,0.0,0.0,0.0,0.0,0.0,0.0,0.0
Tarkwa Nsuaem,0.0,0.01,0.17,0.01,0.01,0.0,0.0,0.2,0.0,0.0,0.01,0.0,0.09,0.01,0.0
Tatale,2.77,0.03,0.89,0.01,0.0,0.01,3.53,2.69,0.05,2.55,2.72,1.97,2.82,0.13,1.7
Techiman Municipal,0.0,0.0,0.01,0.0,0.0,0.0,0.0,0.0,0.0,0.0,0.0,0.0,0.0,0.0,0.0
Techiman North,0.0,0.0,0.0,0.0,0.0,0.0,0.0,0.0,0.0,0.0,0.0,0.0,0.0,0.0,0.0
Tema Metropolis,0.0,0.0,0.01,0.0,0.0,0.0,0.0,0.0,0.0,0.0,0.01,0.0,0.0,0.0,0.0
Tolon,32.9,0.01,23.48,0.4,0.32,0.01,35.17,4.4,0.58,39.54,24.03,0.58,35.11,0.43,21.14
Twifo Ati-Morkwa,0.0,0.0,0.0,0.0,0.0,0.0,0.0,0.0,0.0,0.0,0.01,0.01,0.0,0.0,0.0
Twifo Lower Denkyira,0.0,0.0,0.0,0.0,0.0,0.0,0.0,0.0,0.0,0.0,0.0,0.0,0.0,0.01,0.0
Upper Denkyira East,0.0,0.0,0.01,0.0,0.0,0.0,0.0,0.01,0.0,0.0,0.0,0.01,0.0,0.0,0.0
Upper Denkyira West,0.02,0.0,0.09,0.1,0.0,0.01,0.0,0.2,0.0,0.0,0.03,0.0,0.0,0.0,0.0
Upper Manya,0.44,0.0,0.11,0.03,0.13,0.02,0.0,2.06,0.02,0.0,1.18,0.03,0.09,0.03,0.81
Upper West Akim,0.0,0.0,0.0,0.0,0.0,0.0,0.0,0.02,0.0,0.0,0.0,0.0,0.0,0.0,0.0
Wa East,0.55,0.07,1.92,0.04,0.0,0.05,0.12,0.71,0.37,1.21,0.53,0.01,0.1,0.08,0.95
Wa Municipal,0.0,0.0,0.0,0.01,0.0,0.0,0.09,0.11,0.02,0.06,0.02,0.0,0.0,0.0,0.01
Wa West,0.22,0.0,2.14,0.02,0.0,0.0,0.18,0.33,0.01,1.55,0.07,0.0,0.02,0.0,0.3
Wassa Amenfi Central,0.04,0.0,0.11,0.05,0.0,0.03,0.0,0.06,0.0,0.0,0.02,0.04,0.0,0.0,0.0
Wassa Amenfi East,0.05,0.01,0.23,0.06,0.0,0.05,0.0,0.08,0.0,0.0,0.05,0.09,0.0,0.0,0.0
Wassa Amenfi West,0.02,0.0,0.1,0.03,0.0,0.0,0.0,0.03,0.0,0.0,0.02,0.02,0.0,0.01,0.0
Wassa East,0.01,0.0,0.03,0.02,0.0,0.01,0.0,0.08,0.04,0.0,0.02,0.03,0.0,0.01,0.0
Wenchi,0.0,0.01,0.12,0.12,0.06,0.0,0.0,0.01,0.0,0.0,0.0,0.0,0.0,0.0,0.0
West Akim,0.0,0.01,0.12,0.0,0.0,0.01,0.0,0.0,0.0,0.0,0.01,0.0,0.0,0.0,0.0
West Gonja,7.27,0.0,1.12,0.04,0.18,0.0,1.07,0.95,0.01,10.17,0.96,0.0,5.47,0.01,1.32
West Mamprusi,113.22,0.13,136.41,6.37,18.9,1.78,120.02,36.89,0.35,131.29,77.98,109.68,120.06,0.57,94.3
Yendi Municipal,7.19,0.08,4.3,0.11,0.0,0.05,8.36,3.58,0.2,3.7,5.44,5.39,6.48,0.0,4.61
Yilo Krobo,0.0,0.0,0.03,0.0,0.0,0.0,0.0,0.01,0.01,0.0,0.0,0.0,0.0,0.0,0.0
Zabzugu,3.86,0.02,1.04,0.01,0.0,0.03,4.71,4.15,0.04,5.13,2.63,1.67,3.73,0.07,2.14
